시·도,시·군·구,읍·면·동,구간거리 (km),40FT 컨테이너,20FT 컨테이너
서울특별시,종로구,종로56가동,52,"362,800","322,100"
서울특별시,중구,장충동,50,"355,400","308,900"
서울특별시,중구,황학동,55,"373,200","330,900"
서울특별시,중구,신당동,53,"366,300","325,000"
서울특별시,용산구,용산2가동,47,"342,900","298,100"
서울특별시,용산구,한남동,50,"355,400","308,900"
서울특별시,성동구,왕십리2동,55,"373,200","330,900"
서울특별시,성동구,성수2가1동,56,"376,500","333,900"
서울특별시,성동구,송정동,58,"383,100","339,600"
서울특별시,광진구,중곡1동,58,"383,100","339,600"
서울특별시,동대문구,장안1동,60,"389,800","345,500"
서울특별시,중랑구,면목2동,62,"396,500","351,400"
서울특별시,성북구,안암동,57,"379,800","336,800"
서울특별시,성북구,정릉1동,55,"373,200","330,900"
서울특별시,성북구,장위1동,58,"383,100","339,600"
서울특별시,성북구,성북동,55,"373,200","330,900"
서울특별시,도봉구,창1동,64,"402,900","357,100"
서울특별시,노원구,월계1동,64,"402,900","357,100"
서울특별시,노원구,상계1동,68,"416,100","368,600"
서울특별시,서대문구,연희동,44,"330,400","287,200"
서울특별시,강서구,염창동,38,"305,200","266,200"
서울특별시,강서구,공항동,35,"292,400","256,900"
서울특별시,강서구,방화2동,36,"296,600","260,100"
서울특별시,강서구,화곡1동,34,"288,100","253,800"
서울특별시,구로구,구로1동,35,"292,400","256,900"
서울특별시,구로구,고척1동,34,"288,100","253,800"
서울특별시,구로구,수궁동,31,"275,100","244,100"
서울특별시,구로구,개봉1동,32,"279,400","247,400"
서울특별시,구로구,오류2동,30,"270,800","241,200"
서울특별시,금천구,가산동,35,"292,400","256,900"
서울특별시,금천구,독산1동,35,"292,400","256,900"
서울특별시,영등포구,신길5동,38,"305,200","266,200"
서울특별시,영등포구,문래동,38,"305,200","266,200"
서울특별시,관악구,신림동,38,"305,200","266,200"
서울특별시,강남구,삼성1동,54,"369,800","327,900"
서울특별시,강남구,개포1동,50,"355,400","308,900"
서울특별시,송파구,송파1동,57,"379,800","336,800"
서울특별시,송파구,가락본동,57,"379,800","336,800"
서울특별시,송파구,문정1동,57,"379,800","336,800"
서울특별시,강동구,상일동,65,"406,400","359,900"
서울특별시,강동구,천호1동,62,"396,500","351,400"
서울특별시,강동구,암사1동,63,"399,800","354,100"
부산광역시,동구,초량1동,421,"1,335,400","1,165,300"
부산광역시,동구,좌천동,419,"1,331,200","1,162,100"
부산광역시,강서구,대저2동,410,"1,312,400","1,147,300"
부산광역시,강서구,강동동,410,"1,312,400","1,147,300"
부산광역시,강서구,가락동,409,"1,310,300","1,145,500"
부산광역시,강서구,녹산동,414,"1,320,800","1,153,800"
부산광역시,강서구,가덕도동,418,"1,329,200","1,160,500"
부산광역시,강서구,명지1동,422,"1,337,500","1,167,100"
부산광역시,사상구,주례1동,418,"1,329,200","1,160,500"
부산광역시,사상구,학장동,415,"1,323,000","1,155,500"
부산광역시,사상구,엄궁동,416,"1,325,000","1,157,000"
부산광역시,사상구,감전동,414,"1,320,800","1,153,800"
대구광역시,북구,침산1동,309,"1,084,600","965,500"
대구광역시,달서구,장기동,306,"1,077,200","959,300"
대구광역시,달서구,이곡1동,305,"1,074,600","957,300"
대구광역시,달서구,신당동,306,"1,077,200","959,300"
대구광역시,달서구,월성1동,311,"1,089,500","969,400"
대구광역시,달성군,논공읍,316,"1,101,600","979,300"
대구광역시,달성군,다사읍,306,"1,077,200","959,300"
대구광역시,달성군,유가읍,324,"1,121,300","995,200"
대구광역시,달성군,현풍읍,323,"1,118,900","993,200"
대구광역시,달성군,하빈면,297,"1,052,000","938,500"
대구광역시,달성군,구지면,322,"1,116,500","991,200"
인천광역시,중구,신포동,10,"181,600","157,700"
인천광역시,중구,신흥동,9,"177,000","153,500"
인천광역시,중구,동인천동,10,"181,600","157,700"
인천광역시,중구,북성동,11,"186,300","161,500"
인천광역시,중구,운서동,29,"266,500","237,900"
인천광역시,중구,영종동,30,"270,800","241,200"
인천광역시,동구,만석동,12,"191,000","165,600"
인천광역시,동구,화수1화평동,11,"186,300","161,500"
인천광역시,연수구,동춘1동,10,"181,600","157,700"
인천광역시,연수구,송도1동,10,"181,600","157,700"
인천광역시,남동구,만수1동,18,"218,000","191,700"
인천광역시,남동구,남촌도림동,15,"204,500","177,500"
인천광역시,남동구,논현1동,16,"209,000","182,300"
인천광역시,남동구,논현고잔동,16,"209,000","182,300"
인천광역시,남동구,장수서창동,19,"222,400","196,600"
인천광역시,부평구,부평1동,19,"222,400","196,600"
인천광역시,부평구,산곡2동,19,"222,400","196,600"
인천광역시,계양구,효성1동,23,"240,200","215,600"
인천광역시,계양구,작전서운동,23,"240,200","215,600"
인천광역시,계양구,계양2동,26,"254,400","228,300"
인천광역시,계양구,계양1동,30,"270,800","241,200"
인천광역시,계양구,계양3동,28,"262,100","234,800"
인천광역시,서구,검암경서동,23,"240,200","215,600"
인천광역시,서구,연희동,22,"235,800","210,700"
인천광역시,서구,석남1동,17,"213,400","187,000"
인천광역시,서구,가좌1동,15,"204,500","177,500"
인천광역시,서구,신현원창동,16,"209,000","182,300"
인천광역시,서구,청라1동,20,"226,900","201,300"
인천광역시,서구,불로대곡동,30,"270,800","241,200"
인천광역시,서구,오류왕길동,29,"266,500","237,900"
인천광역시,남구,학익1동,10,"181,600","157,700"
인천광역시,남구,도화1동,13,"195,300","169,700"
인천광역시,남구,주안1동,12,"191,000","165,600"
인천광역시,강화군,강화읍,49,"351,200","305,200"
인천광역시,강화군,하점면,57,"379,800","336,800"
광주광역시,남구,대촌동,331,"1,138,600","1,009,000"
광주광역시,북구,일곡동,313,"1,094,300","973,400"
광주광역시,북구,양산동,319,"1,109,100","985,300"
광주광역시,북구,건국동,314,"1,096,900","975,300"
광주광역시,북구,신용동,318,"1,106,700","983,300"
광주광역시,광산구,어룡동,313,"1,094,300","973,400"
광주광역시,광산구,비아동,304,"1,072,100","955,400"
광주광역시,광산구,하남동,309,"1,084,600","965,500"
광주광역시,광산구,임곡동,310,"1,087,000","967,400"
광주광역시,광산구,평동,317,"1,104,300","981,400"
광주광역시,광산구,삼도동,320,"1,111,500","987,400"
광주광역시,광산구,수완동,308,"1,082,000","963,400"
대전광역시,동구,산내동,193,"783,200","680,800"
대전광역시,동구,대동,180,"747,800","651,000"
대전광역시,중구,산성동,190,"775,100","673,600"
대전광역시,서구,정림동,190,"775,100","673,600"
대전광역시,유성구,신성동,177,"739,600","644,100"
대전광역시,유성구,구즉동,171,"723,100","630,400"
대전광역시,유성구,관평동,176,"736,900","642,000"
대전광역시,대덕구,대화동,181,"750,600","653,200"
대전광역시,대덕구,회덕동,175,"734,100","639,600"
대전광역시,대덕구,덕암동,167,"712,100","621,400"
대전광역시,대덕구,목상동,169,"717,600","625,900"
울산광역시,북구,농소1동,382,"1,253,300","1,100,600"
울산광역시,북구,농소2동,380,"1,249,000","1,097,400"
울산광역시,북구,효문동,388,"1,266,000","1,110,600"
경기도,수원시 권선구,평동,50,"355,400","308,900"
경기도,수원시 영통구,매탄1동,54,"369,800","327,900"
경기도,수원시 영통구,원천동,54,"369,800","327,900"
경기도,성남시 수정구,태평1동,57,"379,800","336,800"
경기도,성남시 중원구,상대원1동,59,"386,400","342,600"
경기도,성남시 중원구,도촌동,58,"383,100","339,600"
경기도,성남시 분당구,야탑1동,56,"376,500","333,900"
경기도,의정부시,송산1동,74,"435,600","385,500"
경기도,안양시 만안구,박달1동,33,"283,800","250,600"
경기도,안양시 동안구,관양1동,39,"309,400","269,500"
경기도,부천시,심곡동,27,"258,100","231,500"
경기도,부천시,부천동,27,"258,100","231,500"
경기도,부천시,대산동,26,"254,400","228,300"
경기도,부천시,범안동,28,"262,100","234,800"
경기도,부천시,성곡동,29,"266,500","237,900"
경기도,부천시,오정동,30,"270,800","241,200"
경기도,광명시,광명1동,33,"283,800","250,600"
경기도,광명시,광명6동,32,"279,400","247,400"
경기도,광명시,소하1동,32,"279,400","247,400"
경기도,광명시,소하2동,34,"288,100","253,800"
경기도,광명시,학온동,30,"270,800","241,200"
경기도,평택시,팽성읍,86,"473,900","418,600"
경기도,평택시,포승읍,74,"435,600","385,500"
경기도,평택시,청북읍,66,"409,500","362,800"
경기도,평택시,진위면,72,"429,200","379,900"
경기도,평택시,서탄면,68,"416,100","368,600"
경기도,평택시,고덕면,77,"445,400","393,900"
경기도,평택시,오성면,74,"435,600","385,500"
경기도,평택시,중앙동,79,"451,500","399,300"
경기도,평택시,송탄동,85,"470,700","415,800"
경기도,평택시,지산동,73,"432,400","382,700"
경기도,평택시,신평동,87,"477,100","421,300"
경기도,평택시,세교동,83,"464,400","410,400"
경기도,평택시,비전2동,90,"486,400","429,300"
경기도,동두천시,불현동,91,"489,500","432,100"
경기도,동두천시,소요동,97,"508,000","448,000"
경기도,동두천시,상패동,94,"498,800","440,000"
경기도,안산시 상록구,본오1동,43,"326,200","283,500"
경기도,안산시 상록구,반월동,42,"321,900","279,800"
경기도,안산시 단원구,초지동,30,"270,800","241,200"
경기도,안산시 단원구,신길동,25,"250,800","225,100"
경기도,고양시 덕양구,화정1동,44,"330,400","287,200"
경기도,고양시 일산동구,식사동,46,"338,900","294,300"
경기도,고양시 일산동구,백석1동,42,"321,900","279,800"
경기도,고양시 일산동구,장항1동,43,"326,200","283,500"
경기도,고양시 일산동구,고봉동,49,"351,200","305,200"
경기도,고양시 일산서구,대화동,43,"326,200","283,500"
경기도,고양시 일산서구,송포동,40,"313,500","272,600"
경기도,고양시 일산서구,송산동,43,"326,200","283,500"
경기도,과천시,과천동,46,"338,900","294,300"
경기도,구리시,갈매동,66,"409,500","362,800"
경기도,구리시,동구동,67,"412,900","365,800"
경기도,구리시,수택2동,67,"412,900","365,800"
경기도,남양주시,와부읍,74,"435,600","385,500"
경기도,남양주시,진접읍,84,"467,600","413,000"
경기도,남양주시,화도읍,85,"470,700","415,800"
경기도,남양주시,진건읍,75,"438,900","388,300"
경기도,남양주시,오남읍,84,"467,600","413,000"
경기도,남양주시,별내면,78,"448,700","396,600"
경기도,남양주시,수동면,89,"483,100","426,700"
경기도,남양주시,평내동,77,"445,400","393,900"
경기도,남양주시,금곡동,74,"435,600","385,500"
경기도,남양주시,양정동,71,"426,000","377,200"
경기도,남양주시,다산1동,69,"419,400","371,400"
경기도,남양주시,다산2동,70,"422,700","374,200"
경기도,오산시,중앙동,65,"406,400","359,900"
경기도,오산시,남촌동,64,"402,900","357,100"
경기도,오산시,세마동,59,"386,400","342,600"
경기도,오산시,초평동,63,"399,800","354,100"
경기도,시흥시,대야동,24,"245,600","220,400"
경기도,시흥시,신천동,23,"240,200","215,600"
경기도,시흥시,신현동,24,"245,600","220,400"
경기도,시흥시,매화동,26,"254,400","228,300"
경기도,시흥시,목감동,30,"270,800","241,200"
경기도,시흥시,과림동,29,"266,500","237,900"
경기도,시흥시,정왕본동,21,"231,400","206,200"
경기도,시흥시,군자동,24,"245,600","220,400"
경기도,시흥시,연성동,24,"245,600","220,400"
경기도,군포시,군포1동,40,"313,500","272,600"
경기도,군포시,군포2동,41,"317,800","276,200"
경기도,군포시,금정동,40,"313,500","272,600"
경기도,의왕시,부곡동,43,"326,200","283,500"
경기도,의왕시,오전동,42,"321,900","279,800"
경기도,의왕시,청계동,43,"326,200","283,500"
경기도,하남시,천현동,69,"419,400","371,400"
경기도,하남시,덕풍1동,68,"416,100","368,600"
경기도,하남시,춘궁동,65,"406,400","359,900"
경기도,하남시,초이동,64,"402,900","357,100"
경기도,하남시,풍산동,65,"406,400","359,900"
경기도,하남시,감북동,62,"396,500","351,400"
경기도,용인시 처인구,포곡읍,68,"416,100","368,600"
경기도,용인시 처인구,모현읍,72,"429,200","379,900"
경기도,용인시 처인구,이동읍,79,"451,500","399,300"
경기도,용인시 처인구,남사면,75,"438,900","388,300"
경기도,용인시 처인구,원삼면,84,"467,600","413,000"
경기도,용인시 처인구,백암면,86,"473,900","418,600"
경기도,용인시 처인구,양지면,75,"438,900","388,300"
경기도,용인시 처인구,유림동,66,"409,500","362,800"
경기도,용인시 기흥구,기흥동,62,"396,500","351,400"
경기도,용인시 기흥구,서농동,59,"386,400","342,600"
경기도,용인시 기흥구,상하동,62,"396,500","351,400"
경기도,용인시 수지구,죽전1동,59,"386,400","342,600"
경기도,용인시 수지구,동천동,57,"379,800","336,800"
경기도,파주시,문산읍,71,"426,000","377,200"
경기도,파주시,파주읍,69,"419,400","371,400"
경기도,파주시,법원읍,76,"442,100","391,100"
경기도,파주시,조리읍,58,"383,100","339,600"
경기도,파주시,월롱면,64,"402,900","357,100"
경기도,파주시,탄현면,61,"393,100","348,400"
경기도,파주시,광탄면,66,"409,500","362,800"
경기도,파주시,파평면,81,"458,100","405,000"
경기도,파주시,적성면,92,"492,700","434,700"
경기도,파주시,금촌1동,60,"389,800","345,500"
경기도,파주시,금촌3동,60,"389,800","345,500"
경기도,파주시,교하동,54,"369,800","327,900"
경기도,파주시,운정1동,50,"355,400","308,900"
경기도,이천시,장호원읍,118,"571,700","502,800"
경기도,이천시,부발읍,95,"502,000","442,600"
경기도,이천시,신둔면,87,"477,100","421,300"
경기도,이천시,백사면,94,"498,800","440,000"
경기도,이천시,호법면,92,"492,700","434,700"
경기도,이천시,마장면,83,"464,400","410,400"
경기도,이천시,대월면,101,"520,400","458,700"
경기도,이천시,모가면,102,"523,400","461,200"
경기도,이천시,설성면,104,"529,600","466,500"
경기도,이천시,율면,113,"556,800","489,800"
경기도,이천시,관고동,90,"486,400","429,300"
경기도,이천시,증포동,91,"489,500","432,100"
경기도,안성시,공도읍,91,"489,500","432,100"
경기도,안성시,보개면,102,"523,400","461,200"
경기도,안성시,서운면,101,"520,400","458,700"
경기도,안성시,미양면,97,"508,000","448,000"
경기도,안성시,대덕면,97,"508,000","448,000"
경기도,안성시,양성면,92,"492,700","434,700"
경기도,안성시,원곡면,85,"470,700","415,800"
경기도,안성시,일죽면,105,"532,600","469,100"
경기도,안성시,죽산면,102,"523,400","461,200"
경기도,안성시,삼죽면,107,"538,600","474,300"
경기도,안성시,안성1동,101,"520,400","458,700"
경기도,안성시,안성2동,100,"517,200","455,900"
경기도,안성시,안성3동,99,"514,100","453,300"
경기도,김포시,통진읍,37,"301,000","263,200"
경기도,김포시,고촌읍,35,"292,400","256,900"
경기도,김포시,양촌읍,32,"279,400","247,400"
경기도,김포시,대곶면,32,"279,400","247,400"
경기도,김포시,월곶면,42,"321,900","279,800"
경기도,김포시,하성면,40,"313,500","272,600"
경기도,김포시,사우동,34,"288,100","253,800"
경기도,김포시,풍무동,32,"279,400","247,400"
경기도,김포시,운양동,35,"292,400","256,900"
경기도,김포시,김포본동,34,"288,100","253,800"
경기도,화성시,봉담읍,50,"355,400","308,900"
경기도,화성시,우정읍,58,"383,100","339,600"
경기도,화성시,향남읍,61,"393,100","348,400"
경기도,화성시,남양읍,47,"342,900","298,100"
경기도,화성시,비봉면,47,"342,900","298,100"
경기도,화성시,마도면,43,"326,200","283,500"
경기도,화성시,송산면,43,"326,200","283,500"
경기도,화성시,서신면,48,"347,100","301,500"
경기도,화성시,팔탄면,55,"373,200","330,900"
경기도,화성시,장안면,60,"389,800","345,500"
경기도,화성시,양감면,65,"406,400","359,900"
경기도,화성시,정남면,59,"386,400","342,600"
경기도,화성시,진안동,57,"379,800","336,800"
경기도,화성시,병점1동,57,"379,800","336,800"
경기도,화성시,반월동,57,"379,800","336,800"
경기도,화성시,화산동,55,"373,200","330,900"
경기도,화성시,동탄1동,60,"389,800","345,500"
경기도,화성시,동탄5동,63,"399,800","354,100"
경기도,화성시,동탄7동,67,"412,900","365,800"
경기도,화성시,동탄6동,65,"406,400","359,900"
경기도,화성시,동탄8동,67,"412,900","365,800"
경기도,광주시,오포읍,69,"419,400","371,400"
경기도,광주시,초월읍,73,"432,400","382,700"
경기도,광주시,곤지암읍,81,"458,100","405,000"
경기도,광주시,도척면,82,"461,200","407,600"
경기도,광주시,퇴촌면,79,"451,500","399,300"
경기도,광주시,남종면,83,"464,400","410,400"
경기도,광주시,송정동,68,"416,100","368,600"
경기도,광주시,광남동,67,"412,900","365,800"
경기도,양주시,백석읍,74,"435,600","385,500"
경기도,양주시,은현면,86,"473,900","418,600"
경기도,양주시,남면,89,"483,100","426,700"
경기도,양주시,광적면,75,"438,900","388,300"
경기도,양주시,양주1동,69,"419,400","371,400"
경기도,양주시,양주2동,77,"445,400","393,900"
경기도,양주시,회천1동,85,"470,700","415,800"
경기도,양주시,회천2동,79,"451,500","399,300"
경기도,양주시,회천4동,83,"464,400","410,400"
경기도,포천시,소흘읍,84,"467,600","413,000"
경기도,포천시,군내면,96,"505,100","445,400"
경기도,포천시,내촌면,92,"492,700","434,700"
경기도,포천시,가산면,89,"483,100","426,700"
경기도,포천시,신북면,101,"520,400","458,700"
경기도,포천시,영중면,110,"547,700","482,000"
경기도,포천시,일동면,114,"559,700","492,400"
경기도,포천시,이동면,124,"589,500","517,800"
경기도,포천시,영북면,120,"577,600","507,800"
경기도,포천시,관인면,130,"606,800","532,600"
경기도,포천시,화현면,108,"541,500","477,000"
경기도,포천시,포천동,94,"498,800","440,000"
경기도,포천시,선단동,88,"480,100","424,000"
경기도,여주시,가남읍,107,"538,600","474,300"
경기도,여주시,점동면,116,"565,700","497,500"
경기도,여주시,능서면,100,"517,200","455,900"
경기도,여주시,흥천면,98,"511,200","450,700"
경기도,여주시,대신면,100,"517,200","455,900"
경기도,여주시,강천면,114,"559,700","492,400"
경기도,여주시,여흥동,106,"535,600","471,700"
경기도,여주시,중앙동,105,"532,600","469,100"
경기도,연천군,전곡읍,103,"526,400","463,900"
경기도,연천군,청산면,103,"526,400","463,900"
경기도,연천군,백학면,98,"511,200","450,700"
경기도,연천군,장남면,92,"492,700","434,700"
강원도,춘천시,동면,151,"667,300","583,700"
강원도,춘천시,동산면,131,"609,800","535,100"
강원도,춘천시,남면,119,"574,700","505,300"
강원도,춘천시,남산면,124,"589,500","517,800"
강원도,춘천시,후평1동,147,"655,800","574,200"
강원도,원주시,문막읍,127,"598,300","525,300"
강원도,원주시,소초면,141,"638,700","559,700"
강원도,원주시,지정면,128,"601,100","527,700"
강원도,원주시,부론면,126,"595,300","522,700"
강원도,원주시,우산동,136,"624,500","547,500"
강원도,원주시,태장1동,138,"630,000","552,300"
강원도,동해시,송정동,285,"1,022,000","914,100"
강원도,동해시,북삼동,283,"1,017,000","910,200"
강원도,동해시,북평동,285,"1,022,000","914,100"
충청북도,충주시,주덕읍,151,"667,300","583,700"
충청북도,충주시,앙성면,129,"603,900","530,300"
충청북도,충주시,산척면,154,"675,700","590,900"
충청북도,충주시,대소원면,149,"661,700","578,900"
충청북도,충주시,중앙탑면,144,"647,300","566,900"
충청북도,충주시,달천동,156,"681,300","595,500"
충청북도,충주시,칠금금릉동,151,"667,300","583,700"
충청북도,충주시,목행용탄동,157,"684,300","597,800"
충청북도,청주시 상당구,가덕면,163,"700,900","612,000"
충청북도,청주시 서원구,현도면,163,"700,900","612,000"
충청북도,청주시 흥덕구,오송읍,142,"641,500","562,100"
충청북도,청주시 흥덕구,강내면,145,"650,300","569,300"
충청북도,청주시 흥덕구,옥산면,141,"638,700","559,700"
충청북도,청주시 흥덕구,복대1동,150,"664,400","581,400"
충청북도,청주시 흥덕구,봉명1동,152,"670,200","586,100"
충청북도,청주시 흥덕구,봉명2송정동,152,"670,200","586,100"
충청북도,청주시 흥덕구,강서1동,148,"658,900","576,600"
충청북도,청주시 흥덕구,강서2동,155,"678,400","593,300"
충청북도,청주시 청원구,내수읍,146,"652,900","571,800"
충청북도,청주시 청원구,오창읍,144,"647,300","566,900"
충청북도,청주시 청원구,북이면,144,"647,300","566,900"
충청북도,보은군,보은읍,188,"769,600","669,000"
충청북도,보은군,장안면,189,"772,400","671,400"
충청북도,보은군,마로면,192,"780,500","678,400"
충청북도,보은군,삼승면,189,"772,400","671,400"
충청북도,보은군,내북면,186,"764,400","664,700"
충청북도,옥천군,옥천읍,190,"775,100","673,600"
충청북도,옥천군,청산면,201,"804,700","699,500"
충청북도,진천군,진천읍,128,"601,100","527,700"
충청북도,진천군,덕산읍,126,"595,300","522,700"
충청북도,진천군,초평면,136,"624,500","547,500"
충청북도,진천군,문백면,135,"621,400","545,000"
충청북도,진천군,이월면,120,"577,600","507,800"
충청북도,진천군,광혜원면,112,"553,700","487,300"
충청북도,음성군,음성읍,142,"641,500","562,100"
충청북도,음성군,금왕읍,127,"598,300","525,300"
충청북도,음성군,소이면,153,"673,000","588,400"
충청북도,음성군,원남면,149,"661,700","578,900"
충청북도,음성군,맹동면,128,"601,100","527,700"
충청북도,음성군,대소면,116,"565,700","497,500"
충청북도,음성군,삼성면,113,"556,800","489,800"
충청북도,음성군,생극면,128,"601,100","527,700"
충청북도,음성군,감곡면,121,"580,600","510,100"
충청북도,증평군,증평읍,146,"652,900","571,800"
충청북도,증평군,도안면,151,"667,300","583,700"
충청남도,천안시 동남구,풍세면,115,"562,800","495,000"
충청남도,천안시 동남구,광덕면,118,"571,700","502,800"
충청남도,천안시 동남구,성남면,125,"592,200","520,300"
충청남도,천안시 동남구,병천면,127,"598,300","525,300"
충청남도,천안시 동남구,동면,133,"615,700","540,100"
충청남도,천안시 동남구,봉명동,110,"547,700","482,000"
충청남도,천안시 동남구,청룡동,115,"562,800","495,000"
충청남도,천안시 서북구,성환읍,99,"514,100","453,300"
충청남도,천안시 서북구,성거읍,111,"550,700","484,700"
충청남도,천안시 서북구,직산읍,105,"532,600","469,100"
충청남도,천안시 서북구,입장면,106,"535,600","471,700"
충청남도,천안시 서북구,백석동,106,"535,600","471,700"
충청남도,천안시 서북구,부성1동,111,"550,700","484,700"
충청남도,천안시 서북구,부성2동,110,"547,700","482,000"
충청남도,공주시,유구읍,137,"627,300","550,000"
충청남도,공주시,탄천면,167,"712,100","621,400"
충청남도,공주시,계룡면,164,"703,700","614,300"
충청남도,공주시,의당면,149,"661,700","578,900"
충청남도,공주시,정안면,133,"615,700","540,100"
충청남도,공주시,금학동,159,"689,800","602,600"
충청남도,보령시,웅천읍,180,"747,800","651,000"
충청남도,보령시,주교면,162,"698,200","609,600"
충청남도,보령시,오천면,160,"692,500","605,000"
충청남도,아산시,염치읍,100,"517,200","455,900"
충청남도,아산시,송악면,112,"553,700","487,300"
충청남도,아산시,탕정면,106,"535,600","471,700"
충청남도,아산시,음봉면,100,"517,200","455,900"
충청남도,아산시,둔포면,90,"486,400","429,300"
충청남도,아산시,영인면,94,"498,800","440,000"
충청남도,아산시,인주면,92,"492,700","434,700"
충청남도,아산시,선장면,109,"544,600","479,500"
충청남도,아산시,도고면,113,"556,800","489,800"
충청남도,아산시,신창면,104,"529,600","466,500"
충청남도,아산시,온양3동,107,"538,600","474,300"
충청남도,아산시,온양4동,104,"529,600","466,500"
충청남도,서산시,대산읍,132,"612,700","537,700"
충청남도,서산시,지곡면,125,"592,200","520,300"
충청남도,서산시,성연면,121,"580,600","510,100"
충청남도,서산시,석남동,122,"583,500","512,700"
충청남도,논산시,연무읍,191,"777,800","676,100"
충청남도,논산시,성동면,181,"750,600","653,200"
충청남도,논산시,광석면,181,"750,600","653,200"
충청남도,논산시,부적면,184,"758,900","660,100"
충청남도,논산시,가야곡면,201,"804,700","699,500"
충청남도,논산시,취암동,181,"750,600","653,200"
충청남도,당진시,합덕읍,108,"541,500","477,000"
충청남도,당진시,송악읍,94,"498,800","440,000"
충청남도,당진시,고대면,105,"532,600","469,100"
충청남도,당진시,석문면,106,"535,600","471,700"
충청남도,당진시,순성면,103,"526,400","463,900"
충청남도,당진시,신평면,93,"495,700","437,300"
충청남도,당진시,송산면,97,"508,000","448,000"
충청남도,금산군,제원면,213,"836,600","727,100"
충청남도,금산군,추부면,200,"801,900","697,100"
충청남도,서천군,장항읍,209,"825,900","717,900"
충청남도,서천군,마서면,202,"807,300","701,600"
충청남도,청양군,청양읍,156,"681,300","595,500"
충청남도,홍성군,홍성읍,135,"621,400","545,000"
충청남도,홍성군,금마면,136,"624,500","547,500"
충청남도,홍성군,갈산면,135,"621,400","545,000"
충청남도,홍성군,구항면,139,"633,100","554,800"
충청남도,예산군,예산읍,126,"595,300","522,700"
충청남도,예산군,삽교읍,130,"606,800","532,600"
충청남도,예산군,광시면,144,"647,300","566,900"
충청남도,예산군,고덕면,117,"568,700","500,000"
충청남도,예산군,신암면,118,"571,700","502,800"
충청남도,예산군,오가면,128,"601,100","527,700"
충청남도,태안군,원북면,151,"667,300","583,700"
전라북도,전주시 완산구,효자4동,232,"886,500","770,500"
전라북도,전주시 덕진구,팔복동,224,"865,500","752,200"
전라북도,전주시 덕진구,여의동,221,"857,800","745,500"
전라북도,군산시,임피면,221,"857,800","745,500"
전라북도,군산시,서수면,226,"871,000","756,700"
전라북도,군산시,성산면,214,"839,100","729,400"
전라북도,군산시,월명동,210,"828,600","720,400"
전라북도,군산시,조촌동,218,"849,900","738,500"
전라북도,군산시,소룡동,213,"836,600","727,100"
전라북도,군산시,미성동,215,"841,900","731,700"
전라북도,익산시,중앙동,229,"878,800","763,600"
전라북도,익산시,어양동,217,"847,200","736,300"
전라북도,완주군,봉동읍,213,"836,600","727,100"
전라북도,완주군,이서면,227,"873,400","759,000"
전라북도,완주군,경천면,226,"871,000","756,700"
전라남도,곡성군,삼기면,324,"1,121,300","995,200"
전라남도,곡성군,입면,309,"1,084,600","965,500"
전라남도,장성군,남면,300,"1,062,300","947,200"
전라남도,장성군,삼계면,309,"1,084,600","965,500"
전라남도,장성군,황룡면,298,"1,054,500","940,700"
경상북도,경주시,감포읍,385,"1,259,700","1,105,700"
경상북도,경주시,안강읍,343,"1,167,900","1,032,700"
경상북도,경주시,건천읍,340,"1,160,600","1,026,800"
경상북도,경주시,외동읍,370,"1,227,600","1,080,300"
경상북도,경주시,양남면,401,"1,293,400","1,132,300"
경상북도,경주시,내남면,358,"1,202,100","1,060,100"
경상북도,경주시,강동면,348,"1,180,100","1,042,400"
경상북도,경주시,천북면,364,"1,215,000","1,070,200"
경상북도,구미시,선산읍,251,"935,600","819,300"
경상북도,구미시,고아읍,255,"945,900","827,500"
경상북도,구미시,해평면,263,"966,300","844,300"
경상북도,구미시,산동면,267,"976,700","852,600"
경상북도,구미시,신평2동,269,"981,800","856,900"
경상북도,구미시,진미동,272,"991,800","887,600"
경상북도,구미시,양포동,269,"981,800","856,900"
경상북도,영천시,금호읍,319,"1,109,100","985,300"
경상북도,영천시,화남면,309,"1,084,600","965,500"
경상북도,영천시,고경면,325,"1,123,900","997,200"
경상북도,영천시,북안면,329,"1,133,500","1,005,000"
경상북도,영천시,대창면,325,"1,123,900","997,200"
경상북도,영천시,중앙동,314,"1,096,900","975,300"
경상북도,영천시,완산동,319,"1,109,100","985,300"
경상북도,영천시,남부동,323,"1,118,900","993,200"
경상북도,경산시,하양읍,324,"1,121,300","995,200"
경상북도,경산시,진량읍,328,"1,131,200","1,003,200"
경상북도,경산시,와촌면,314,"1,096,900","975,300"
경상북도,경산시,자인면,334,"1,145,900","1,015,000"
경상북도,경산시,남산면,339,"1,158,200","1,024,800"
경상북도,경산시,북부동,329,"1,133,500","1,005,000"
경상북도,경산시,서부2동,328,"1,131,200","1,003,200"
경상북도,칠곡군,왜관읍,289,"1,031,900","922,500"
경상북도,칠곡군,지천면,293,"1,042,000","930,500"
경상북도,칠곡군,가산면,285,"1,022,000","914,100"
경상북도,칠곡군,약목면,279,"1,008,000","902,000"
경상남도,김해시,진영읍,391,"1,272,400","1,115,600"
경상남도,김해시,주촌면,406,"1,303,900","1,140,600"
경상남도,김해시,진례면,396,"1,282,900","1,123,900"
경상남도,김해시,한림면,393,"1,276,700","1,119,000"
경상남도,김해시,생림면,387,"1,264,000","1,109,000"
경상남도,김해시,상동면,394,"1,278,700","1,120,700"
경상남도,김해시,대동면,403,"1,297,600","1,135,700"
경상남도,김해시,칠산서부동,400,"1,291,200","1,130,700"
경상남도,김해시,삼안동,406,"1,303,900","1,140,600"
경상남도,김해시,장유3동,403,"1,297,600","1,135,700"
경상남도,양산시,물금읍,408,"1,308,100","1,143,900"
경상남도,양산시,원동면,394,"1,278,700","1,120,700"
경상남도,양산시,상북면,396,"1,282,900","1,123,900"
경상남도,양산시,하북면,387,"1,264,000","1,109,000"
경상남도,양산시,삼성동,402,"1,295,500","1,134,000"
경상남도,양산시,강서동,403,"1,297,600","1,135,700"
경상남도,양산시,서창동,409,"1,310,300","1,145,500"
경상남도,양산시,소주동,413,"1,318,700","1,152,100"
경상남도,양산시,덕계동,415,"1,323,000","1,155,500"
경상남도,창원시 의창구,북면,370,"1,227,600","1,080,300"
경상남도,창원시 의창구,대산면,385,"1,259,700","1,105,700"
경상남도,창원시 의창구,팔룡동,382,"1,253,300","1,100,600"
경상남도,창원시 성산구,중앙동,389,"1,268,300","1,112,500"
경상남도,창원시 성산구,사파동,398,"1,287,100","1,127,300"
경상남도,창원시 성산구,가음정동,392,"1,274,500","1,117,400"
경상남도,창원시 성산구,성주동,390,"1,270,300","1,113,900"
경상남도,창원시 성산구,웅남동,383,"1,255,400","1,102,400"
경상남도,창원시 마산회원구,회원1동,378,"1,244,900","1,094,000"
경상남도,창원시 마산회원구,석전동,377,"1,242,600","1,092,300"
경상남도,창원시 진해구,웅동2동,412,"1,316,600","1,150,500"
경상남도,함안군,가야읍,382,"1,253,300","1,100,600"
경상남도,함안군,칠원읍,364,"1,215,000","1,070,200"
경상남도,함안군,군북면,387,"1,264,000","1,109,000"
경상남도,함안군,법수면,387,"1,264,000","1,109,000"
경상남도,함안군,대산면,364,"1,215,000","1,070,200"
경상남도,함안군,칠서면,365,"1,217,100","1,072,000"
경상남도,함안군,칠북면,361,"1,208,400","1,065,200"
세종특별자치시,세종시,조치원읍,140,"635,700","557,300"
세종특별자치시,세종시,연기면,147,"655,800","574,200"
세종특별자치시,세종시,연동면,150,"664,400","581,400"
세종특별자치시,세종시,부강면,156,"681,300","595,500"
세종특별자치시,세종시,장군면,157,"684,300","597,800"
세종특별자치시,세종시,전의면,125,"592,200","520,300"
세종특별자치시,세종시,소정면,121,"580,600","510,100"
